[{"model": "auth.permission", "pk": 1, "fields": {"name": "Can add log entry", "content_type": 1, "codename": "add_logentry"}}, {"model": "auth.permission", "pk": 2, "fields": {"name": "Can change log entry", "content_type": 1, "codename": "change_logentry"}}, {"model": "auth.permission", "pk": 3, "fields": {"name": "Can delete log entry", "content_type": 1, "codename": "delete_logentry"}}, {"model": "auth.permission", "pk": 4, "fields": {"name": "Can view log entry", "content_type": 1, "codename": "view_logentry"}}, {"model": "auth.permission", "pk": 5, "fields": {"name": "Can add permission", "content_type": 2, "codename": "add_permission"}}, {"model": "auth.permission", "pk": 6, "fields": {"name": "Can change permission", "content_type": 2, "codename": "change_permission"}}, {"model": "auth.permission", "pk": 7, "fields": {"name": "Can delete permission", "content_type": 2, "codename": "delete_permission"}}, {"model": "auth.permission", "pk": 8, "fields": {"name": "Can view permission", "content_type": 2, "codename": "view_permission"}}, {"model": "auth.permission", "pk": 9, "fields": {"name": "Can add group", "content_type": 3, "codename": "add_group"}}, {"model": "auth.permission", "pk": 10, "fields": {"name": "Can change group", "content_type": 3, "codename": "change_group"}}, {"model": "auth.permission", "pk": 11, "fields": {"name": "Can delete group", "content_type": 3, "codename": "delete_group"}}, {"model": "auth.permission", "pk": 12, "fields": {"name": "Can view group", "content_type": 3, "codename": "view_group"}}, {"model": "auth.permission", "pk": 13, "fields": {"name": "Can add content type", "content_type": 4, "codename": "add_contenttype"}}, {"model": "auth.permission", "pk": 14, "fields": {"name": "Can change content type", "content_type": 4, "codename": "change_contenttype"}}, {"model": "auth.permission", "pk": 15, "fields": {"name": "Can delete content type", "content_type": 4, "codename": "delete_contenttype"}}, {"model": "auth.permission", "pk": 16, "fields": {"name": "Can view content type", "content_type": 4, "codename": "view_contenttype"}}, {"model": "auth.permission", "pk": 17, "fields": {"name": "Can add session", "content_type": 5, "codename": "add_session"}}, {"model": "auth.permission", "pk": 18, "fields": {"name": "Can change session", "content_type": 5, "codename": "change_session"}}, {"model": "auth.permission", "pk": 19, "fields": {"name": "Can delete session", "content_type": 5, "codename": "delete_session"}}, {"model": "auth.permission", "pk": 20, "fields": {"name": "Can view session", "content_type": 5, "codename": "view_session"}}, {"model": "auth.permission", "pk": 21, "fields": {"name": "Can add user", "content_type": 6, "codename": "add_customuser"}}, {"model": "auth.permission", "pk": 22, "fields": {"name": "Can change user", "content_type": 6, "codename": "change_customuser"}}, {"model": "auth.permission", "pk": 23, "fields": {"name": "Can delete user", "content_type": 6, "codename": "delete_customuser"}}, {"model": "auth.permission", "pk": 24, "fields": {"name": "Can view user", "content_type": 6, "codename": "view_customuser"}}, {"model": "auth.permission", "pk": 25, "fields": {"name": "Can add attendance", "content_type": 7, "codename": "add_attendance"}}, {"model": "auth.permission", "pk": 26, "fields": {"name": "Can change attendance", "content_type": 7, "codename": "change_attendance"}}, {"model": "auth.permission", "pk": 27, "fields": {"name": "Can delete attendance", "content_type": 7, "codename": "delete_attendance"}}, {"model": "auth.permission", "pk": 28, "fields": {"name": "Can view attendance", "content_type": 7, "codename": "view_attendance"}}, {"model": "auth.permission", "pk": 29, "fields": {"name": "Can add courses", "content_type": 8, "codename": "add_courses"}}, {"model": "auth.permission", "pk": 30, "fields": {"name": "Can change courses", "content_type": 8, "codename": "change_courses"}}, {"model": "auth.permission", "pk": 31, "fields": {"name": "Can delete courses", "content_type": 8, "codename": "delete_courses"}}, {"model": "auth.permission", "pk": 32, "fields": {"name": "Can view courses", "content_type": 8, "codename": "view_courses"}}, {"model": "auth.permission", "pk": 33, "fields": {"name": "Can add session year model", "content_type": 9, "codename": "add_sessionyearmodel"}}, {"model": "auth.permission", "pk": 34, "fields": {"name": "Can change session year model", "content_type": 9, "codename": "change_sessionyearmodel"}}, {"model": "auth.permission", "pk": 35, "fields": {"name": "Can delete session year model", "content_type": 9, "codename": "delete_sessionyearmodel"}}, {"model": "auth.permission", "pk": 36, "fields": {"name": "Can view session year model", "content_type": 9, "codename": "view_sessionyearmodel"}}, {"model": "auth.permission", "pk": 37, "fields": {"name": "Can add subjects", "content_type": 10, "codename": "add_subjects"}}, {"model": "auth.permission", "pk": 38, "fields": {"name": "Can change subjects", "content_type": 10, "codename": "change_subjects"}}, {"model": "auth.permission", "pk": 39, "fields": {"name": "Can delete subjects", "content_type": 10, "codename": "delete_subjects"}}, {"model": "auth.permission", "pk": 40, "fields": {"name": "Can view subjects", "content_type": 10, "codename": "view_subjects"}}, {"model": "auth.permission", "pk": 41, "fields": {"name": "Can add students", "content_type": 11, "codename": "add_students"}}, {"model": "auth.permission", "pk": 42, "fields": {"name": "Can change students", "content_type": 11, "codename": "change_students"}}, {"model": "auth.permission", "pk": 43, "fields": {"name": "Can delete students", "content_type": 11, "codename": "delete_students"}}, {"model": "auth.permission", "pk": 44, "fields": {"name": "Can view students", "content_type": 11, "codename": "view_students"}}, {"model": "auth.permission", "pk": 45, "fields": {"name": "Can add staffs", "content_type": 12, "codename": "add_staffs"}}, {"model": "auth.permission", "pk": 46, "fields": {"name": "Can change staffs", "content_type": 12, "codename": "change_staffs"}}, {"model": "auth.permission", "pk": 47, "fields": {"name": "Can delete staffs", "content_type": 12, "codename": "delete_staffs"}}, {"model": "auth.permission", "pk": 48, "fields": {"name": "Can view staffs", "content_type": 12, "codename": "view_staffs"}}, {"model": "auth.permission", "pk": 49, "fields": {"name": "Can add notification student", "content_type": 13, "codename": "add_notificationstudent"}}, {"model": "auth.permission", "pk": 50, "fields": {"name": "Can change notification student", "content_type": 13, "codename": "change_notificationstudent"}}, {"model": "auth.permission", "pk": 51, "fields": {"name": "Can delete notification student", "content_type": 13, "codename": "delete_notificationstudent"}}, {"model": "auth.permission", "pk": 52, "fields": {"name": "Can view notification student", "content_type": 13, "codename": "view_notificationstudent"}}, {"model": "auth.permission", "pk": 53, "fields": {"name": "Can add notification staffs", "content_type": 14, "codename": "add_notificationstaffs"}}, {"model": "auth.permission", "pk": 54, "fields": {"name": "Can change notification staffs", "content_type": 14, "codename": "change_notificationstaffs"}}, {"model": "auth.permission", "pk": 55, "fields": {"name": "Can delete notification staffs", "content_type": 14, "codename": "delete_notificationstaffs"}}, {"model": "auth.permission", "pk": 56, "fields": {"name": "Can view notification staffs", "content_type": 14, "codename": "view_notificationstaffs"}}, {"model": "auth.permission", "pk": 57, "fields": {"name": "Can add leave report student", "content_type": 15, "codename": "add_leavereportstudent"}}, {"model": "auth.permission", "pk": 58, "fields": {"name": "Can change leave report student", "content_type": 15, "codename": "change_leavereportstudent"}}, {"model": "auth.permission", "pk": 59, "fields": {"name": "Can delete leave report student", "content_type": 15, "codename": "delete_leavereportstudent"}}, {"model": "auth.permission", "pk": 60, "fields": {"name": "Can view leave report student", "content_type": 15, "codename": "view_leavereportstudent"}}, {"model": "auth.permission", "pk": 61, "fields": {"name": "Can add leave report staff", "content_type": 16, "codename": "add_leavereportstaff"}}, {"model": "auth.permission", "pk": 62, "fields": {"name": "Can change leave report staff", "content_type": 16, "codename": "change_leavereportstaff"}}, {"model": "auth.permission", "pk": 63, "fields": {"name": "Can delete leave report staff", "content_type": 16, "codename": "delete_leavereportstaff"}}, {"model": "auth.permission", "pk": 64, "fields": {"name": "Can view leave report staff", "content_type": 16, "codename": "view_leavereportstaff"}}, {"model": "auth.permission", "pk": 65, "fields": {"name": "Can add feed back student", "content_type": 17, "codename": "add_feedbackstudent"}}, {"model": "auth.permission", "pk": 66, "fields": {"name": "Can change feed back student", "content_type": 17, "codename": "change_feedbackstudent"}}, {"model": "auth.permission", "pk": 67, "fields": {"name": "Can delete feed back student", "content_type": 17, "codename": "delete_feedbackstudent"}}, {"model": "auth.permission", "pk": 68, "fields": {"name": "Can view feed back student", "content_type": 17, "codename": "view_feedbackstudent"}}, {"model": "auth.permission", "pk": 69, "fields": {"name": "Can add feed back staffs", "content_type": 18, "codename": "add_feedbackstaffs"}}, {"model": "auth.permission", "pk": 70, "fields": {"name": "Can change feed back staffs", "content_type": 18, "codename": "change_feedbackstaffs"}}, {"model": "auth.permission", "pk": 71, "fields": {"name": "Can delete feed back staffs", "content_type": 18, "codename": "delete_feedbackstaffs"}}, {"model": "auth.permission", "pk": 72, "fields": {"name": "Can view feed back staffs", "content_type": 18, "codename": "view_feedbackstaffs"}}, {"model": "auth.permission", "pk": 73, "fields": {"name": "Can add attendance report", "content_type": 19, "codename": "add_attendancereport"}}, {"model": "auth.permission", "pk": 74, "fields": {"name": "Can change attendance report", "content_type": 19, "codename": "change_attendancereport"}}, {"model": "auth.permission", "pk": 75, "fields": {"name": "Can delete attendance report", "content_type": 19, "codename": "delete_attendancereport"}}, {"model": "auth.permission", "pk": 76, "fields": {"name": "Can view attendance report", "content_type": 19, "codename": "view_attendancereport"}}, {"model": "auth.permission", "pk": 77, "fields": {"name": "Can add admin hod", "content_type": 20, "codename": "add_adminhod"}}, {"model": "auth.permission", "pk": 78, "fields": {"name": "Can change admin hod", "content_type": 20, "codename": "change_adminhod"}}, {"model": "auth.permission", "pk": 79, "fields": {"name": "Can delete admin hod", "content_type": 20, "codename": "delete_adminhod"}}, {"model": "auth.permission", "pk": 80, "fields": {"name": "Can view admin hod", "content_type": 20, "codename": "view_adminhod"}}, {"model": "auth.permission", "pk": 81, "fields": {"name": "Can add student result", "content_type": 21, "codename": "add_studentresult"}}, {"model": "auth.permission", "pk": 82, "fields": {"name": "Can change student result", "content_type": 21, "codename": "change_studentresult"}}, {"model": "auth.permission", "pk": 83, "fields": {"name": "Can delete student result", "content_type": 21, "codename": "delete_studentresult"}}, {"model": "auth.permission", "pk": 84, "fields": {"name": "Can view student result", "content_type": 21, "codename": "view_studentresult"}}, {"model": "contenttypes.contenttype", "pk": 1, "fields": {"app_label": "admin", "model": "logentry"}}, {"model": "contenttypes.contenttype", "pk": 2, "fields": {"app_label": "auth", "model": "permission"}}, {"model": "contenttypes.contenttype", "pk": 3, "fields": {"app_label": "auth", "model": "group"}}, {"model": "contenttypes.contenttype", "pk": 4, "fields": {"app_label": "contenttypes", "model": "contenttype"}}, {"model": "contenttypes.contenttype", "pk": 5, "fields": {"app_label": "sessions", "model": "session"}}, {"model": "contenttypes.contenttype", "pk": 6, "fields": {"app_label": "student_management_app", "model": "customuser"}}, {"model": "contenttypes.contenttype", "pk": 7, "fields": {"app_label": "student_management_app", "model": "attendance"}}, {"model": "contenttypes.contenttype", "pk": 8, "fields": {"app_label": "student_management_app", "model": "courses"}}, {"model": "contenttypes.contenttype", "pk": 9, "fields": {"app_label": "student_management_app", "model": "sessionyearmodel"}}, {"model": "contenttypes.contenttype", "pk": 10, "fields": {"app_label": "student_management_app", "model": "subjects"}}, {"model": "contenttypes.contenttype", "pk": 11, "fields": {"app_label": "student_management_app", "model": "students"}}, {"model": "contenttypes.contenttype", "pk": 12, "fields": {"app_label": "student_management_app", "model": "staffs"}}, {"model": "contenttypes.contenttype", "pk": 13, "fields": {"app_label": "student_management_app", "model": "notificationstudent"}}, {"model": "contenttypes.contenttype", "pk": 14, "fields": {"app_label": "student_management_app", "model": "notificationstaffs"}}, {"model": "contenttypes.contenttype", "pk": 15, "fields": {"app_label": "student_management_app", "model": "leavereportstudent"}}, {"model": "contenttypes.contenttype", "pk": 16, "fields": {"app_label": "student_management_app", "model": "leavereportstaff"}}, {"model": "contenttypes.contenttype", "pk": 17, "fields": {"app_label": "student_management_app", "model": "feedbackstudent"}}, {"model": "contenttypes.contenttype", "pk": 18, "fields": {"app_label": "student_management_app", "model": "feedbackstaffs"}}, {"model": "contenttypes.contenttype", "pk": 19, "fields": {"app_label": "student_management_app", "model": "attendancereport"}}, {"model": "contenttypes.contenttype", "pk": 20, "fields": {"app_label": "student_management_app", "model": "adminhod"}}, {"model": "contenttypes.contenttype", "pk": 21, "fields": {"app_label": "student_management_app", "model": "studentresult"}}, {"model": "sessions.session", "pk": "0quxgcz0uk21ufj0k0za7slays6ke968", "fields": {"session_data": "NWU4Y2NmZDMzZWU5N2VjY2MzYzljM2Y5NTc0M2ExZmY5OTVlNDQ3ODp7Il9hdXRoX3VzZXJfaWQiOiIxIiwiX2F1dGhfdXNlcl9iYWNrZW5kIjoic3R1ZGVudF9tYW5hZ2VtZW50X2FwcC5FbWFpbEJhY2tFbmQuRW1haWxCYWNrRW5kIiwiX2F1dGhfdXNlcl9oYXNoIjoiMGQ5MmE0Yjk5ZWRhZWQ4YmJlMGYxNWY4MWZjZmQwZTJhMzhjOGNmZiJ9", "expire_date": "2022-06-05T09:05:19.481Z"}}, {"model": "sessions.session", "pk": "28ky5fajfwshz0ixuwwcdkyueajphzoa", "fields": {"session_data": "MzdjN2IyZjI5Yjc2NWY3MmVmMGQyYzcyYmIwZGM4MTBlY2VkZGM4ZTp7Il9hdXRoX3VzZXJfaWQiOiI0IiwiX2F1dGhfdXNlcl9iYWNrZW5kIjoic3R1ZGVudF9tYW5hZ2VtZW50X2FwcC5FbWFpbEJhY2tFbmQuRW1haWxCYWNrRW5kIiwiX2F1dGhfdXNlcl9oYXNoIjoiMDhmZTU3YTU5NmUyNDE5M2YyN2M2Yjg2MDYxMDk5MTFmMWZmYzhiNyJ9", "expire_date": "2020-07-14T16:03:49.192Z"}}, {"model": "sessions.session", "pk": "3axl75yypjunzsrqn1avkn1cpuren3mz", "fields": {"session_data": ".eJxVjMsOwiAQRf-FtTEIlIdLk34HmTIz0iikKWVl_Hfbnd2d-8j5iAh9y7E3WuOM4i5u4vLfTZBeVI-hbR2pbrFAhSeVA2FZrmOB-f3YX2PFUzh7MrS8SxIHNHpQNEi0wEZqpcAbiZiYvdtBsreJJ9aIUg0gLbtEgRRP1gUlvj_WpDtS:1nvJtb:Jk0OVwd5zMHmBE6i0OJixxoK2kI0G_MdF3gOkjk8-h0", "expire_date": "2022-06-12T14:27:55.189Z"}}, {"model": "sessions.session", "pk": "3xl1mooqvpuxdmfo7alxqcmhe9y2f7yz", "fields": {"session_data": ".eJxVjMsOwiAQRf-FtTEIlIdLk34HmTIz0iikKWVl_Hfbnd2d-8j5iAh9y7E3WuOM4i5u4vLfTZBeVI-hbR2pbrFAhSeVA2FZrmOB-f3YX2PFUzh7MrS8SxIHNHpQNEi0wEZqpcAbiZiYvdtBsreJJ9aIUg0gLbtEgRRP1gUlvj_WpDtS:1nvGQg:9426piJzBL-T-DyyFuLLbaRQ81G24p9VEf6tVvJwQDw", "expire_date": "2022-06-12T10:45:50.479Z"}}, {"model": "sessions.session", "pk": "4jgq0m6cdzh37qint3vmubxv6ue06ir8", "fields": {"session_data": ".eJxVjMsOwiAQRf-FtTEIlIdLk34HmTIz0iikKWVl_Hfbnd2d-8j5iAh9y7E3WuOM4i5u4vLfTZBeVI-hbR2pbrFAhSeVA2FZrmOB-f3YX2PFUzh7MrS8SxIHNHpQNEi0wEZqpcAbiZiYvdtBsreJJ9aIUg0gLbtEgRRP1gUlvj_WpDtS:1nvIVD:Nm-gxlWCfLBcmHJds8ureEgBsuk2BiNIc-71QdKY-Y0", "expire_date": "2022-06-12T12:58:39.945Z"}}, {"model": "sessions.session", "pk": "7cjwvdgh5tic17v9lby5ew8ipwc6aa42", "fields": {"session_data": ".eJxVjMsOwiAQRf-FtTEIlIdLk34HmTIz0iikKWVl_Hfbnd2d-8j5iAh9y7E3WuOM4i5u4vLfTZBeVI-hbR2pbrFAhSeVA2FZrmOB-f3YX2PFUzh7MrS8SxIHNHpQNEi0wEZqpcAbiZiYvdtBsreJJ9aIUg0gLbtEgRRP1gUlvj_WpDtS:1nvIYg:I94aeKyM0IEfk9Lp4PhIRhCtwcXJxQyclch1y-BQaWs", "expire_date": "2022-06-12T13:02:14.576Z"}}, {"model": "sessions.session", "pk": "8kewk0t2qnuy67mzt5wuq0zb8ssxv5cr", "fields": {"session_data": "MzdjN2IyZjI5Yjc2NWY3MmVmMGQyYzcyYmIwZGM4MTBlY2VkZGM4ZTp7Il9hdXRoX3VzZXJfaWQiOiI0IiwiX2F1dGhfdXNlcl9iYWNrZW5kIjoic3R1ZGVudF9tYW5hZ2VtZW50X2FwcC5FbWFpbEJhY2tFbmQuRW1haWxCYWNrRW5kIiwiX2F1dGhfdXNlcl9oYXNoIjoiMDhmZTU3YTU5NmUyNDE5M2YyN2M2Yjg2MDYxMDk5MTFmMWZmYzhiNyJ9", "expire_date": "2020-07-15T10:35:24.577Z"}}, {"model": "sessions.session", "pk": "9cyu9a1ydoto0menlqpaovbe8xn7fb8t", "fields": {"session_data": "MzdjN2IyZjI5Yjc2NWY3MmVmMGQyYzcyYmIwZGM4MTBlY2VkZGM4ZTp7Il9hdXRoX3VzZXJfaWQiOiI0IiwiX2F1dGhfdXNlcl9iYWNrZW5kIjoic3R1ZGVudF9tYW5hZ2VtZW50X2FwcC5FbWFpbEJhY2tFbmQuRW1haWxCYWNrRW5kIiwiX2F1dGhfdXNlcl9oYXNoIjoiMDhmZTU3YTU5NmUyNDE5M2YyN2M2Yjg2MDYxMDk5MTFmMWZmYzhiNyJ9", "expire_date": "2020-07-17T08:11:39.876Z"}}, {"model": "sessions.session", "pk": "9ve6krjo2k04xxzb4tk139bls5zouq4d", "fields": {"session_data": ".eJxVjMsOwiAQRf-FtTEIlIdLk34HmTIz0iikKWVl_Hfbnd2d-8j5iAh9y7E3WuOM4i5u4vLfTZBeVI-hbR2pbrFAhSeVA2FZrmOB-f3YX2PFUzh7MrS8SxIHNHpQNEi0wEZqpcAbiZiYvdtBsreJJ9aIUg0gLbtEgRRP1gUlvj_WpDtS:1nw4aa:m8WMXX6-H-B01_orakPPGb4J421x8qo2KFSADj7iVxQ", "expire_date": "2022-06-14T16:19:24.909Z"}}, {"model": "sessions.session", "pk": "igf3z796bbueb1c4qpjt15507dbb9fkn", "fields": {"session_data": ".eJxVjMsOwiAQRf-FtTEIlIdLk34HmTIz0iikKWVl_Hfbnd2d-8j5iAh9y7E3WuOM4i5u4vLfTZBeVI-hbR2pbrFAhSeVA2FZrmOB-f3YX2PFUzh7MrS8SxIHNHpQNEi0wEZqpcAbiZiYvdtBsreJJ9aIUg0gLbtEgRRP1gUlvj_WpDtS:1nuIH5:XIs8J8oR8AKEVN2IbhL4ZyfucHoIUO4IYbUxKnemlIk", "expire_date": "2022-06-09T18:31:55.632Z"}}, {"model": "sessions.session", "pk": "j8ywpnsi2j4t5ooh6vth6ny3b0rt8m92", "fields": {"session_data": ".eJxVjMsOwiAQRf-FtTEIlIdLk34HmTIz0iikKWVl_Hfbnd2d-8j5iAh9y7E3WuOM4i5u4vLfTZBeVI-hbR2pbrFAhSeVA2FZrmOB-f3YX2PFUzh7MrS8SxIHNHpQNEi0wEZqpcAbiZiYvdtBsreJJ9aIUg0gLbtEgRRP1gUlvj_WpDtS:1nvCZx:YTASnL6waBwOUfgMXzjYZj5pIGOZdrpSyrELqUG-3Co", "expire_date": "2022-06-12T06:39:09.937Z"}}, {"model": "sessions.session", "pk": "lecs1lsrn9dbpurmgvszpfiu7qolhfo9", "fields": {"session_data": ".eJxVjMsOwiAQRf-FtTEIlIdLk34HmTIz0iikKWVl_Hfbnd2d-8j5iAh9y7E3WuOM4i5u4vLfTZBeVI-hbR2pbrFAhSeVA2FZrmOB-f3YX2PFUzh7MrS8SxIHNHpQNEi0wEZqpcAbiZiYvdtBsreJJ9aIUg0gLbtEgRRP1gUlvj_WpDtS:1nvF5o:B0Z6cnyUNcM7QgrQjWreUJw4nDsnnLwZHhvbpWukqWw", "expire_date": "2022-06-12T09:20:12.850Z"}}, {"model": "sessions.session", "pk": "lr24g9dmh2tvv6czhu0xwi1w66bmsp0x", "fields": {"session_data": "YmU2NWY5OWNkMzI4MWYyODQxMjY5N2Q5MzY0ODIxZDk1MTU3NWE1ODp7Il9hdXRoX3VzZXJfaWQiOiI1IiwiX2F1dGhfdXNlcl9iYWNrZW5kIjoic3R1ZGVudF9tYW5hZ2VtZW50X2FwcC5FbWFpbEJhY2tFbmQuRW1haWxCYWNrRW5kIiwiX2F1dGhfdXNlcl9oYXNoIjoiNjJlOTk0MjI1YjUzZDFmNGYyNzJkYzNhYWIwMjRkYWQ0YzM3ZWMyOSJ9", "expire_date": "2020-07-19T05:52:45.134Z"}}, {"model": "sessions.session", "pk": "ns8ninuh8jdt4uzv987mrjk2ccme86lf", "fields": {"session_data": ".eJxVjMsOwiAQRf-FtTEIlIdLk34HmTIz0iikKWVl_Hfbnd2d-8j5iAh9y7E3WuOM4i5u4vLfTZBeVI-hbR2pbrFAhSeVA2FZrmOB-f3YX2PFUzh7MrS8SxIHNHpQNEi0wEZqpcAbiZiYvdtBsreJJ9aIUg0gLbtEgRRP1gUlvj_WpDtS:1nvIZw:Li47m23Tk3UZUb3dE4uFJiCxsJgxCTPZjt1a2U_a-lc", "expire_date": "2022-06-12T13:03:32.686Z"}}, {"model": "sessions.session", "pk": "obaffzq86uoqtnwj7mgt830rm8m1a4qx", "fields": {"session_data": "NWU4Y2NmZDMzZWU5N2VjY2MzYzljM2Y5NTc0M2ExZmY5OTVlNDQ3ODp7Il9hdXRoX3VzZXJfaWQiOiIxIiwiX2F1dGhfdXNlcl9iYWNrZW5kIjoic3R1ZGVudF9tYW5hZ2VtZW50X2FwcC5FbWFpbEJhY2tFbmQuRW1haWxCYWNrRW5kIiwiX2F1dGhfdXNlcl9oYXNoIjoiMGQ5MmE0Yjk5ZWRhZWQ4YmJlMGYxNWY4MWZjZmQwZTJhMzhjOGNmZiJ9", "expire_date": "2022-06-05T10:43:34.219Z"}}, {"model": "sessions.session", "pk": "oo31r1f2ae67sg35c0ld4g7w9y2vjbvq", "fields": {"session_data": ".eJxVjMsOwiAQRf-FtTEIlIdLk34HmTIz0iikKWVl_Hfbnd2d-8j5iAh9y7E3WuOM4i5u4vLfTZBeVI-hbR2pbrFAhSeVA2FZrmOB-f3YX2PFUzh7MrS8SxIHNHpQNEi0wEZqpcAbiZiYvdtBsreJJ9aIUg0gLbtEgRRP1gUlvj_WpDtS:1nuHXK:_9VA3cMvM27RW9XM863DG6HgFWYjE_goZjfGxumKdWY", "expire_date": "2022-06-09T17:44:38.904Z"}}, {"model": "sessions.session", "pk": "reeecr5sg9xkhf1zfgct1283e3peaatl", "fields": {"session_data": ".eJxVjMsOwiAQRf-FtTEIlIdLk34HmTIz0iikKWVl_Hfbnd2d-8j5iAh9y7E3WuOM4i5u4vLfTZBeVI-hbR2pbrFAhSeVA2FZrmOB-f3YX2PFUzh7MrS8SxIHNHpQNEi0wEZqpcAbiZiYvdtBsreJJ9aIUg0gLbtEgRRP1gUlvj_WpDtS:1nvJwW:8sN_FpDlAwH4VV_xOx7GfAoM9CPZBx-M64S32x-VN3k", "expire_date": "2022-06-12T14:30:56.299Z"}}, {"model": "sessions.session", "pk": "s8z4ebxjyzpjd6jh4tyr6rjah4pf3i5t", "fields": {"session_data": ".eJxVjMsOwiAQRf-FtTEIlIdLk34HmTIz0iikKWVl_Hfbnd2d-8j5iAh9y7E3WuOM4i5u4vLfTZBeVI-hbR2pbrFAhSeVA2FZrmOB-f3YX2PFUzh7MrS8SxIHNHpQNEi0wEZqpcAbiZiYvdtBsreJJ9aIUg0gLbtEgRRP1gUlvj_WpDtS:1nvCpF:4wyEjLe1svIUOJ23849dsAfnwhQYpxrdX1BAYWzqusE", "expire_date": "2022-06-12T06:54:57.241Z"}}, {"model": "sessions.session", "pk": "szg7ompe046cdryso9u4lahiwyskntru", "fields": {"session_data": ".eJxVjMsOwiAQRf-FtTEIlIdLk34HmTIz0iikKWVl_Hfbnd2d-8j5iAh9y7E3WuOM4i5u4vLfTZBeVI-hbR2pbrFAhSeVA2FZrmOB-f3YX2PFUzh7MrS8SxIHNHpQNEi0wEZqpcAbiZiYvdtBsreJJ9aIUg0gLbtEgRRP1gUlvj_WpDtS:1nvItf:PG8K_fZam_Hd_GFTbJyuv2C6DpvBrz0Fw-5VyaQGMys", "expire_date": "2022-06-12T13:23:55.723Z"}}, {"model": "sessions.session", "pk": "utta6i9blqj94jt7poda8u2i52r0oy2f", "fields": {"session_data": ".eJxVjMsOwiAQRf-FtTEIlIdLk34HmTIz0iikKWVl_Hfbnd2d-8j5iAh9y7E3WuOM4i5u4vLfTZBeVI-hbR2pbrFAhSeVA2FZrmOB-f3YX2PFUzh7MrS8SxIHNHpQNEi0wEZqpcAbiZiYvdtBsreJJ9aIUg0gLbtEgRRP1gUlvj_WpDtS:1nvF9V:IymXlmXdu73QIAf2zoh6Y2qBXgOyG6msRq_ApIC6BDk", "expire_date": "2022-06-12T09:24:01.181Z"}}, {"model": "sessions.session", "pk": "wpnqqnucguvmgp608rvzazpz148hpuzx", "fields": {"session_data": ".eJxVjMsOwiAQRf-FtTEIlIdLk34HmTIz0iikKWVl_Hfbnd2d-8j5iAh9y7E3WuOM4i5u4vLfTZBeVI-hbR2pbrFAhSeVA2FZrmOB-f3YX2PFUzh7MrS8SxIHNHpQNEi0wEZqpcAbiZiYvdtBsreJJ9aIUg0gLbtEgRRP1gUlvj_WpDtS:1nw6f4:h4ZFR-5d20Haquql_AVqJWbmte-lZUt4zs2EdWqqLZA", "expire_date": "2022-06-14T18:32:10.670Z"}}, {"model": "sessions.session", "pk": "wro51vo8dy9qb9qzshmwr6qufozyp6zq", "fields": {"session_data": ".eJxVjMsOwiAQRf-FtTEIlIdLk34HmTIz0iikKWVl_Hfbnd2d-8j5iAh9y7E3WuOM4i5u4vLfTZBeVI-hbR2pbrFAhSeVA2FZrmOB-f3YX2PFUzh7MrS8SxIHNHpQNEi0wEZqpcAbiZiYvdtBsreJJ9aIUg0gLbtEgRRP1gUlvj_WpDtS:1nvI0S:n5dEb_M9kjlKAZg77bGBvESW-Yx3x2o41rMj5t2Yo78", "expire_date": "2022-06-12T12:26:52.491Z"}}, {"model": "student_management_app.sessionyearmodel", "pk": 1, "fields": {"session_start_year": "2018-06-01", "session_end_year": "2020-06-30"}}, {"model": "student_management_app.sessionyearmodel", "pk": 2, "fields": {"session_start_year": "2020-06-01", "session_end_year": "2022-06-30"}}, {"model": "student_management_app.customuser", "pk": 1, "fields": {"password": "pbkdf2_sha256$260000$c6FISsNL98s9puMEDjVAvt$mII67+PTwDpiHKjkWUzRFcqAOvGMJmT8zUXagVu5PnY=", "last_login": "2022-05-31T18:32:10.661Z", "is_superuser": true, "username": "admin", "first_name": "Admin1", "last_name": "", "email": "admin@gmail.com", "is_staff": true, "is_active": true, "date_joined": "2020-06-26T16:01:24.183Z", "user_type": "1", "groups": [], "user_permissions": []}}, {"model": "student_management_app.customuser", "pk": 2, "fields": {"password": "pbkdf2_sha256$180000$NzK3OniiDc30$oT4o5w65iAT24t1Ixy4hlYauP0xlULS3qn0LjqAOOZI=", "last_login": null, "is_superuser": false, "username": "kunifi", "first_name": "Ivor", "last_name": "Burch", "email": "cihezymo@mailinator.net", "is_staff": false, "is_active": true, "date_joined": "2020-06-26T16:01:46.478Z", "user_type": "2", "groups": [], "user_permissions": []}}, {"model": "student_management_app.customuser", "pk": 3, "fields": {"password": "pbkdf2_sha256$180000$8VW0prx9llRR$M0VMKWuJCLNsobj2MA03gmuG937vp0vItyfJOuI6pQ8=", "last_login": null, "is_superuser": false, "username": "rizubin", "first_name": "Gretchen", "last_name": "Powell", "email": "tafu@mailinator.net", "is_staff": false, "is_active": true, "date_joined": "2020-06-26T16:01:49.262Z", "user_type": "2", "groups": [], "user_permissions": []}}, {"model": "student_management_app.customuser", "pk": 4, "fields": {"password": "pbkdf2_sha256$260000$KzNTlTqYKUSeeLDyzhbHID$S4wYJX7nG/0FCG815m/HXutEhGH2IZfGr/OtE4ybDH0=", "last_login": "2022-05-25T16:09:17.926Z", "is_superuser": false, "username": "staff", "first_name": "Staff", "last_name": "Kumar", "email": "staff@gmail.com", "is_staff": false, "is_active": true, "date_joined": "2020-06-26T16:02:09.012Z", "user_type": "2", "groups": [], "user_permissions": []}}, {"model": "student_management_app.customuser", "pk": 5, "fields": {"password": "pbkdf2_sha256$260000$HL9tfclx60oyqdeojUNSZ8$Lud8rWzsDuwIUkXeIayhi1HJ57N3Qm00nUDDpRqGP1M=", "last_login": "2022-05-25T16:08:59.237Z", "is_superuser": false, "username": "student", "first_name": "Student", "last_name": "Hero", "email": "student@gmail.com", "is_staff": false, "is_active": true, "date_joined": "2020-06-26T16:07:55.473Z", "user_type": "3", "groups": [], "user_permissions": []}}, {"model": "student_management_app.customuser", "pk": 6, "fields": {"password": "pbkdf2_sha256$180000$aUSfusd3e9cS$Kl1qb0QTYZ3wyGsw7MR/EFwlXXITgaqAYUVpSm9Qfhs=", "last_login": null, "is_superuser": false, "username": "gyxupuhuv", "first_name": "Wanda", "last_name": "Copeland", "email": "pymujemav@mailinator.net", "is_staff": false, "is_active": true, "date_joined": "2020-06-26T16:08:04.571Z", "user_type": "3", "groups": [], "user_permissions": []}}, {"model": "student_management_app.customuser", "pk": 7, "fields": {"password": "pbkdf2_sha256$180000$lIMXlsYjYW3L$qQTMlf37uT8bwEgYZL4w6yRKbE1gv1Ue3gB60ruVPkU=", "last_login": "2020-07-03T07:37:45.461Z", "is_superuser": false, "username": "student2", "first_name": "Nichole", "last_name": "Franklin", "email": "student2@gmail.com", "is_staff": false, "is_active": true, "date_joined": "2020-07-01T09:01:18.273Z", "user_type": "3", "groups": [], "user_permissions": []}}, {"model": "student_management_app.customuser", "pk": 8, "fields": {"password": "pbkdf2_sha256$180000$wSQVc8Se9srx$HHEitcOcVd/zaeNW1EaHmJeHhdwceUGqsLhVBzCKC04=", "last_login": null, "is_superuser": false, "username": "viwedow", "first_name": "Alan", "last_name": "Decker", "email": "luqoj@mailinator.net", "is_staff": false, "is_active": true, "date_joined": "2020-07-05T11:54:52.154Z", "user_type": "2", "groups": [], "user_permissions": []}}, {"model": "student_management_app.customuser", "pk": 9, "fields": {"password": "pbkdf2_sha256$180000$gNXZ8huw8Ozo$1Jm3jOwpHECbXqDFzODdJbyGS5H7k0GlosoxlApYuO8=", "last_login": null, "is_superuser": false, "username": "nybovani", "first_name": "Ryan", "last_name": "William", "email": "vubagocady@mailinator.com", "is_staff": false, "is_active": true, "date_joined": "2020-07-05T11:55:02.866Z", "user_type": "3", "groups": [], "user_permissions": []}}, {"model": "student_management_app.customuser", "pk": 10, "fields": {"password": "pbkdf2_sha256$180000$CI2qoN3AgQbh$kfUvzlHbw8rXe5+4jbq/yYbNqkxuLo7dBgITVH961ZA=", "last_login": null, "is_superuser": false, "username": "hunurezomi", "first_name": "Mohammad", "last_name": "Golden", "email": "dobezyxacy@mailinator.net", "is_staff": false, "is_active": true, "date_joined": "2020-07-05T11:55:06.268Z", "user_type": "3", "groups": [], "user_permissions": []}}, {"model": "student_management_app.customuser", "pk": 11, "fields": {"password": "pbkdf2_sha256$180000$H2DstGCm27Yy$6HLptEgVcmt/L8YJu9lDAH1Hn/7YL7JM7HmISX1Ozho=", "last_login": null, "is_superuser": false, "username": "cesohigaqo", "first_name": "Ifeoma", "last_name": "Collier", "email": "kiso@mailinator.com", "is_staff": false, "is_active": true, "date_joined": "2020-07-05T11:55:10.039Z", "user_type": "3", "groups": [], "user_permissions": []}}, {"model": "student_management_app.customuser", "pk": 12, "fields": {"password": "pbkdf2_sha256$180000$ajlqAIzzB9FA$iaIi1ym2zvsPJtN7CH51alFoHTR2Lf3SGZ03CVM73Gc=", "last_login": null, "is_superuser": false, "username": "tywifajak", "first_name": "Irene", "last_name": "Galloway", "email": "gixakibag@mailinator.net", "is_staff": false, "is_active": true, "date_joined": "2020-07-05T11:55:13.398Z", "user_type": "3", "groups": [], "user_permissions": []}}, {"model": "student_management_app.customuser", "pk": 13, "fields": {"password": "pbkdf2_sha256$180000$Tw8WaXaSLEUY$fDfk8e1QP0ncJPuC7kqsuOuN6WEN2Q0iEKjdNiAL2YM=", "last_login": null, "is_superuser": false, "username": "givudu", "first_name": "Larissa", "last_name": "Grimes", "email": "ponec@mailinator.net", "is_staff": false, "is_active": true, "date_joined": "2020-07-05T11:55:16.599Z", "user_type": "3", "groups": [], "user_permissions": []}}, {"model": "student_management_app.customuser", "pk": 14, "fields": {"password": "pbkdf2_sha256$180000$FMqY3bBmmemF$V42bFYLRMD3BbaqYGj/jbQN5Bww6104tqJWYCLlqt7k=", "last_login": null, "is_superuser": false, "username": "tacig", "first_name": "Cullen", "last_name": "Curry", "email": "tejeso@mailinator.com", "is_staff": false, "is_active": true, "date_joined": "2020-07-05T13:40:32.495Z", "user_type": "3", "groups": [], "user_permissions": []}}, {"model": "student_management_app.customuser", "pk": 15, "fields": {"password": "pbkdf2_sha256$180000$O1jzLhoaCUwB$aUPxgIO0dGvJaMfwMpCsc1HMDv6EDdntaLOewkdliGM=", "last_login": null, "is_superuser": false, "username": "cuqenana", "first_name": "Skyler", "last_name": "Carter", "email": "rynex@mailinator.com", "is_staff": false, "is_active": true, "date_joined": "2020-07-07T15:15:21.665Z", "user_type": "2", "groups": [], "user_permissions": []}}, {"model": "student_management_app.customuser", "pk": 16, "fields": {"password": "pbkdf2_sha256$180000$JJ2rehdYSsfH$MfvQiOLeSD8Npn9vQG01wM7PyaHeq0Ze30zTaC55iRE=", "last_login": null, "is_superuser": false, "username": "misola", "first_name": "Fulton", "last_name": "Strong", "email": "caracax@mailinator.net", "is_staff": false, "is_active": true, "date_joined": "2020-07-07T15:15:26.156Z", "user_type": "2", "groups": [], "user_permissions": []}}, {"model": "student_management_app.customuser", "pk": 17, "fields": {"password": "pbkdf2_sha256$180000$LEVUeoFMXeTe$2BeEEdkT8MaI7Ujha4Pu8FMeoWE7wM9LBFBlamg45yk=", "last_login": null, "is_superuser": false, "username": "xokefy", "first_name": "Candice", "last_name": "Blackburn", "email": "tamozylo@mailinator.net", "is_staff": false, "is_active": true, "date_joined": "2020-07-07T15:15:37.100Z", "user_type": "3", "groups": [], "user_permissions": []}}, {"model": "student_management_app.customuser", "pk": 18, "fields": {"password": "pbkdf2_sha256$180000$nc8fpPIdp5ps$yS/pvD7tQML2edvHiQ0ZSkCZkP51ayQ4A2F0Aevhhng=", "last_login": null, "is_superuser": false, "username": "sapijuwa", "first_name": "Hoyt", "last_name": "Simpson", "email": "guduh@mailinator.com", "is_staff": false, "is_active": true, "date_joined": "2020-07-07T15:15:41.685Z", "user_type": "3", "groups": [], "user_permissions": []}}, {"model": "student_management_app.customuser", "pk": 19, "fields": {"password": "pbkdf2_sha256$260000$EvjGji2uiW2qhZiik82aPF$GpnOBqjrFTC+wvDz4upH3yw9omvm5x34eNhwWWMc0rQ=", "last_login": null, "is_superuser": false, "username": "Veer", "first_name": "Veer", "last_name": "Yadav", "email": "staff@gmail.com", "is_staff": false, "is_active": true, "date_joined": "2022-05-29T15:57:27.965Z", "user_type": "2", "groups": [], "user_permissions": []}}, {"model": "student_management_app.customuser", "pk": 20, "fields": {"password": "pbkdf2_sha256$260000$C60TJerZjYZvAud8Vr1Ldp$S2hizCObtQTZfjy7f3Wv8n16UDVr2M7LNg6I1NrN4KA=", "last_login": null, "is_superuser": false, "username": "admind", "first_name": "Veer", "last_name": "yadav", "email": "veer.workholics@gmail.com", "is_staff": false, "is_active": true, "date_joined": "2022-05-29T19:28:32.783Z", "user_type": "2", "groups": [], "user_permissions": []}}, {"model": "student_management_app.customuser", "pk": 21, "fields": {"password": "pbkdf2_sha256$260000$bLOf7YBPJ7fWJo5QRYOVGD$V+sFG/Bf0md9DVcuiCbIsyPdo67U7Dqr6r1HUo1zmAI=", "last_login": null, "is_superuser": false, "username": "test", "first_name": "test", "last_name": "test", "email": "testcandidate@mailinator.com", "is_staff": false, "is_active": true, "date_joined": "2022-05-30T12:29:12.560Z", "user_type": "2", "groups": [], "user_permissions": []}}, {"model": "student_management_app.customuser", "pk": 22, "fields": {"password": "pbkdf2_sha256$260000$heMOAzMb2kJWrdB9s28Nwt$IQTsiwK/R8bxWSNOIuR//SN0qBkguv1Um5Sj/jcgvhc=", "last_login": null, "is_superuser": false, "username": "veer", "first_name": "Veer", "last_name": "yadav", "email": "veer@gmail.com", "is_staff": false, "is_active": true, "date_joined": "2022-05-30T16:01:42.269Z", "user_type": "2", "groups": [], "user_permissions": []}}, {"model": "student_management_app.customuser", "pk": 23, "fields": {"password": "pbkdf2_sha256$260000$sddZq4DdKKH0nZpX6mDbEF$wtadeijD7PuubVlhNSdqcDz1r3kdeO/lOrH9cKl3L4M=", "last_login": null, "is_superuser": false, "username": "student4", "first_name": "Test", "last_name": "Candidate", "email": "testcandidate2@mailinator.com", "is_staff": false, "is_active": true, "date_joined": "2022-05-30T16:03:32.668Z", "user_type": "2", "groups": [], "user_permissions": []}}, {"model": "student_management_app.customuser", "pk": 24, "fields": {"password": "pbkdf2_sha256$260000$6U7x9ODfmdWYyoSfWojRcr$5tv5vZaLCu1WFLatohW6MCS98PFojC/x2TFbHL321uI=", "last_login": null, "is_superuser": false, "username": "k", "first_name": "test", "last_name": "Test", "email": "test@gmail.com", "is_staff": false, "is_active": true, "date_joined": "2022-05-30T16:05:22.317Z", "user_type": "2", "groups": [], "user_permissions": []}}, {"model": "student_management_app.customuser", "pk": 25, "fields": {"password": "pbkdf2_sha256$260000$E6x3g3S0rtBWJC1ZYipeYk$VV/hYXs4eHVffsbgXWMU5Edyl+rvxRjzT/eYXIsgTwI=", "last_login": null, "is_superuser": false, "username": "m", "first_name": "Veer", "last_name": "yadav", "email": "veer@mailinator.com", "is_staff": false, "is_active": true, "date_joined": "2022-05-30T16:06:08.978Z", "user_type": "2", "groups": [], "user_permissions": []}}, {"model": "student_management_app.customuser", "pk": 26, "fields": {"password": "pbkdf2_sha256$260000$6pw5MDHmGvJoK1nLApsrXO$4fsWULYH6jDJ8PNh4JqFIoCX6WHt1AwrvTZhjcUuH3Y=", "last_login": null, "is_superuser": false, "username": "kk", "first_name": "Test", "last_name": "Candidate", "email": "testcandkidate@mailinator.com", "is_staff": false, "is_active": true, "date_joined": "2022-05-30T16:10:49.004Z", "user_type": "2", "groups": [], "user_permissions": []}}, {"model": "student_management_app.customuser", "pk": 27, "fields": {"password": "pbkdf2_sha256$260000$MRZ2jI1w6BBO2vk5Svtxh0$iXuI+I6bfRf54YxQVdbWQmI4PkoNnkXfxkP5l8Qv+X0=", "last_login": null, "is_superuser": false, "username": "dd", "first_name": "Veer", "last_name": "yadav", "email": "veer.workhodlics@gmail.com", "is_staff": false, "is_active": true, "date_joined": "2022-05-30T16:14:24.507Z", "user_type": "2", "groups": [], "user_permissions": []}}, {"model": "student_management_app.customuser", "pk": 28, "fields": {"password": "pbkdf2_sha256$260000$nOTv27kou5L8HBU9a9YQS8$U1zRjjk6TMXkoejhaSJBkEGyHNJeNSQV0UbR61isa2o=", "last_login": null, "is_superuser": false, "username": "addd", "first_name": "Veer", "last_name": "yadav", "email": "veerji@mailinator.com", "is_staff": false, "is_active": true, "date_joined": "2022-05-30T16:15:40.988Z", "user_type": "2", "groups": [], "user_permissions": []}}, {"model": "student_management_app.customuser", "pk": 29, "fields": {"password": "pbkdf2_sha256$260000$L6hu8og14PJlpl9xFBP4Xk$+tPJGSsBAt1xHo27X3opEsTZ8wWGAnT9GnHN4Ao6HXE=", "last_login": null, "is_superuser": false, "username": "ddd", "first_name": "Test", "last_name": "Candidate", "email": "testcandidated@mailinator.com", "is_staff": false, "is_active": true, "date_joined": "2022-05-30T16:21:36.416Z", "user_type": "2", "groups": [], "user_permissions": []}}, {"model": "student_management_app.customuser", "pk": 30, "fields": {"password": "pbkdf2_sha256$260000$ESchVbWQtV3tEGYuR74HM5$9OA9NbmVKFDQhktZQv00rdv6SVte3zFXUWgacl5xs+A=", "last_login": null, "is_superuser": false, "username": "d", "first_name": "test", "last_name": "Test", "email": "tests@gmail.com", "is_staff": false, "is_active": true, "date_joined": "2022-05-30T16:33:44.268Z", "user_type": "2", "groups": [], "user_permissions": []}}, {"model": "student_management_app.customuser", "pk": 31, "fields": {"password": "pbkdf2_sha256$260000$LeCus8Z3SKbjO30GrSm7bs$n2MtUSb5zE8AWoI3GHrKPDtFgBe44AaDW03CjL5vyCE=", "last_login": null, "is_superuser": false, "username": "veershree", "first_name": "Veer", "last_name": "yadav", "email": "veershree@gmail.com", "is_staff": false, "is_active": true, "date_joined": "2022-05-30T16:38:05.229Z", "user_type": "2", "groups": [], "user_permissions": []}}, {"model": "student_management_app.customuser", "pk": 32, "fields": {"password": "pbkdf2_sha256$260000$oGAGvzi2EnUKSHyKvxyjB0$U5JszikX+vyw34ejt4xQJCwgEobGk+gpw/Ga4QM4hG0=", "last_login": null, "is_superuser": false, "username": "sssssss", "first_name": "test", "last_name": "Test", "email": "tesxxt@gmail.com", "is_staff": false, "is_active": true, "date_joined": "2022-05-30T17:28:42.750Z", "user_type": "2", "groups": [], "user_permissions": []}}, {"model": "student_management_app.customuser", "pk": 33, "fields": {"password": "pbkdf2_sha256$260000$srPwT3QZGbvjxogkjhSAvH$8LMob/MsyIHS+Xf4VRVtiRDortfpXQeceuvlHkj0V8E=", "last_login": null, "is_superuser": false, "username": "ssssssss", "first_name": "test", "last_name": "Test", "email": "test@gmail.com", "is_staff": false, "is_active": true, "date_joined": "2022-05-30T17:38:11.903Z", "user_type": "2", "groups": [], "user_permissions": []}}, {"model": "student_management_app.customuser", "pk": 34, "fields": {"password": "pbkdf2_sha256$260000$NbtRk6VbB8geeS34XG7Rc5$xL9B9dBdKu4f/5626RaLgchNDF9l8kuyU2goiLb8THU=", "last_login": null, "is_superuser": false, "username": "ssssssssss", "first_name": "test", "last_name": "Test", "email": "tests@gmail.com", "is_staff": false, "is_active": true, "date_joined": "2022-05-30T17:39:45.795Z", "user_type": "2", "groups": [], "user_permissions": []}}, {"model": "student_management_app.customuser", "pk": 35, "fields": {"password": "pbkdf2_sha256$260000$ye0hubsCOHnfyb9K0yfyxB$5d6Wsp6ngEawb0SoWRd175FhtXdQ8KZKmOeohmvqGl8=", "last_login": null, "is_superuser": false, "username": "dddddddd", "first_name": "Test", "last_name": "Candidate", "email": "testcandidate@mailinator.com", "is_staff": false, "is_active": true, "date_joined": "2022-05-30T17:41:59.722Z", "user_type": "2", "groups": [], "user_permissions": []}}, {"model": "student_management_app.customuser", "pk": 36, "fields": {"password": "pbkdf2_sha256$260000$xTTnJyvp2YmokCF8pO625a$YweYDhLXhWIN+33J02UpiwfxGqtJqdHUWerMOmmojvE=", "last_login": null, "is_superuser": false, "username": "v", "first_name": "Test", "last_name": "Candidate", "email": "testcandidate@mailinator.com", "is_staff": false, "is_active": true, "date_joined": "2022-05-30T17:43:32.524Z", "user_type": "2", "groups": [], "user_permissions": []}}, {"model": "student_management_app.customuser", "pk": 37, "fields": {"password": "pbkdf2_sha256$260000$GcmEik6jUqs03TMyRQFpj9$L3tynxSew8CfGQQKNm1vJs82idc5yIv9lNYXKczpMfU=", "last_login": null, "is_superuser": false, "username": "veernew", "first_name": "Veer", "last_name": "Yadav", "email": "veernewtest@mailinator.com", "is_staff": false, "is_active": true, "date_joined": "2022-05-31T16:55:15.607Z", "user_type": "2", "groups": [], "user_permissions": []}}, {"model": "student_management_app.customuser", "pk": 38, "fields": {"password": "pbkdf2_sha256$260000$gNrUlvGEJgTg2HYdiYgOPj$nblTJV+4ZOppL4bUq37QTjYC1RpTf8yddf04aQKGroE=", "last_login": null, "is_superuser": false, "username": "student123", "first_name": "veer", "last_name": "yadav", "email": "yadav@mailinator.com", "is_staff": false, "is_active": true, "date_joined": "2022-05-31T17:43:05.348Z", "user_type": "2", "groups": [], "user_permissions": []}}, {"model": "student_management_app.customuser", "pk": 39, "fields": {"password": "pbkdf2_sha256$260000$jxMf5UU8njEv9Ha0wITmnt$iZfLrs6fcR2XUi0Ts0kS2Rc7HHCBlsc+wwvpa8IbCog=", "last_login": null, "is_superuser": false, "username": "adminddd", "first_name": "test", "last_name": "Test", "email": "test1@gmail.com", "is_staff": false, "is_active": true, "date_joined": "2022-05-31T18:08:42.007Z", "user_type": "2", "groups": [], "user_permissions": []}}, {"model": "student_management_app.adminhod", "pk": 1, "fields": {"admin": 1, "created_at": "2020-06-26T16:01:24.308Z", "updated_at": "2020-06-26T16:01:24.311Z"}}, {"model": "student_management_app.courses", "pk": 1, "fields": {"course_name": "BBA", "created_at": "2020-06-26T16:02:21.801Z", "updated_at": "2022-05-22T09:34:37.325Z"}}, {"model": "student_management_app.courses", "pk": 2, "fields": {"course_name": "MBA", "created_at": "2020-06-26T16:02:24.645Z", "updated_at": "2020-06-26T16:02:24.645Z"}}, {"model": "student_management_app.courses", "pk": 3, "fields": {"course_name": "Bsc. IT", "created_at": "2020-06-26T16:02:31.233Z", "updated_at": "2020-06-26T16:02:31.233Z"}}, {"model": "student_management_app.courses", "pk": 4, "fields": {"course_name": "Msc.IT", "created_at": "2020-06-26T16:02:35.928Z", "updated_at": "2020-06-26T16:02:35.928Z"}}, {"model": "student_management_app.subjects", "pk": 1, "fields": {"subject_name": "PHP", "course_id": 3, "staff_id": 4, "created_at": "2020-06-26T16:03:11.580Z", "updated_at": "2020-06-26T16:03:11.580Z"}}, {"model": "student_management_app.subjects", "pk": 2, "fields": {"subject_name": "Python", "course_id": 3, "staff_id": 4, "created_at": "2020-06-26T16:03:18.923Z", "updated_at": "2020-06-26T16:03:18.923Z"}}, {"model": "student_management_app.subjects", "pk": 3, "fields": {"subject_name": "Finance", "course_id": 1, "staff_id": 2, "created_at": "2020-07-03T08:26:56.663Z", "updated_at": "2020-07-03T08:26:56.663Z"}}, {"model": "student_management_app.subjects", "pk": 4, "fields": {"subject_name": "Micro Finance", "course_id": 2, "staff_id": 2, "created_at": "2020-07-05T13:25:08.878Z", "updated_at": "2020-07-05T13:25:08.878Z"}}, {"model": "student_management_app.subjects", "pk": 5, "fields": {"subject_name": "Entrepreneurship", "course_id": 2, "staff_id": 2, "created_at": "2020-07-05T13:25:18.353Z", "updated_at": "2020-07-05T13:25:18.353Z"}}, {"model": "student_management_app.students", "pk": 1, "fields": {"admin": 5, "gender": "Female", "profile_pic": "/media/Vijay%20Thapa%20Pro.jpg", "address": "Maxime voluptates porro iste temporibus velit odio", "course_id": 3, "session_year_id": 1, "created_at": "2020-06-26T16:07:55.683Z", "updated_at": "2022-05-22T08:31:06.980Z"}}, {"model": "student_management_app.students", "pk": 2, "fields": {"admin": 6, "gender": "Female", "profile_pic": "", "address": "Error quia tempora est dolor libero qui iusto ea", "course_id": 3, "session_year_id": 1, "created_at": "2020-06-26T16:08:04.811Z", "updated_at": "2020-06-26T16:08:04.822Z"}}, {"model": "student_management_app.students", "pk": 3, "fields": {"admin": 7, "gender": "Female", "profile_pic": "", "address": "Consequatur sed reprehenderit exercitationem fug", "course_id": 4, "session_year_id": 2, "created_at": "2020-07-01T09:01:18.413Z", "updated_at": "2020-07-01T09:01:18.438Z"}}, {"model": "student_management_app.students", "pk": 4, "fields": {"admin": 9, "gender": "Female", "profile_pic": "", "address": "Quis soluta sed ipsum officia excepturi et sint i", "course_id": 2, "session_year_id": 2, "created_at": "2020-07-05T11:55:02.981Z", "updated_at": "2020-07-05T11:55:02.989Z"}}, {"model": "student_management_app.students", "pk": 6, "fields": {"admin": 11, "gender": "Female", "profile_pic": "", "address": "Vel in quis aut velit obcaecati et adipisicing bla", "course_id": 3, "session_year_id": 2, "created_at": "2020-07-05T11:55:10.168Z", "updated_at": "2020-07-05T11:55:10.177Z"}}, {"model": "student_management_app.students", "pk": 7, "fields": {"admin": 12, "gender": "Female", "profile_pic": "", "address": "Minus mollit laudantium quaerat aut minus id iru", "course_id": 2, "session_year_id": 2, "created_at": "2020-07-05T11:55:13.538Z", "updated_at": "2020-07-05T11:55:13.545Z"}}, {"model": "student_management_app.students", "pk": 8, "fields": {"admin": 13, "gender": "Female", "profile_pic": "", "address": "Et est voluptatum asperiores ipsum iure cumque qua", "course_id": 2, "session_year_id": 2, "created_at": "2020-07-05T11:55:16.731Z", "updated_at": "2020-07-05T11:55:16.739Z"}}, {"model": "student_management_app.students", "pk": 10, "fields": {"admin": 17, "gender": "Female", "profile_pic": "", "address": "Non necessitatibus voluptas laboriosam labore lab", "course_id": 3, "session_year_id": 2, "created_at": "2020-07-07T15:15:37.211Z", "updated_at": "2020-07-07T15:15:37.218Z"}}, {"model": "student_management_app.attendance", "pk": 1, "fields": {"subject_id": 2, "attendance_date": "2020-06-26", "session_year_id": 1, "created_at": "2020-06-26T16:08:33.616Z", "updated_at": "2020-06-26T16:08:33.616Z"}}, {"model": "student_management_app.attendance", "pk": 2, "fields": {"subject_id": 2, "attendance_date": "2020-06-26", "session_year_id": 1, "created_at": "2020-06-26T16:17:21.835Z", "updated_at": "2020-06-26T16:17:21.835Z"}}, {"model": "student_management_app.attendance", "pk": 3, "fields": {"subject_id": 2, "attendance_date": "2020-06-26", "session_year_id": 1, "created_at": "2020-06-26T16:24:18.201Z", "updated_at": "2020-06-26T16:24:18.201Z"}}, {"model": "student_management_app.attendance", "pk": 4, "fields": {"subject_id": 2, "attendance_date": "2020-06-26", "session_year_id": 1, "created_at": "2020-06-26T16:27:08.896Z", "updated_at": "2020-06-26T16:27:08.896Z"}}, {"model": "student_management_app.attendance", "pk": 5, "fields": {"subject_id": 2, "attendance_date": "2020-06-25", "session_year_id": 1, "created_at": "2020-06-26T16:30:06.433Z", "updated_at": "2020-06-26T16:30:06.433Z"}}, {"model": "student_management_app.attendance", "pk": 6, "fields": {"subject_id": 1, "attendance_date": "2020-06-26", "session_year_id": 1, "created_at": "2020-06-26T17:57:00.495Z", "updated_at": "2020-06-26T17:57:00.495Z"}}, {"model": "student_management_app.attendancereport", "pk": 1, "fields": {"student_id": 1, "attendance_id": 1, "status": false, "created_at": "2020-06-26T16:08:33.624Z", "updated_at": "2020-06-30T16:05:09.120Z"}}, {"model": "student_management_app.attendancereport", "pk": 2, "fields": {"student_id": 2, "attendance_id": 1, "status": false, "created_at": "2020-06-26T16:08:33.628Z", "updated_at": "2020-06-30T16:05:09.146Z"}}, {"model": "student_management_app.attendancereport", "pk": 3, "fields": {"student_id": 1, "attendance_id": 2, "status": true, "created_at": "2020-06-26T16:17:21.845Z", "updated_at": "2020-06-26T16:17:21.845Z"}}, {"model": "student_management_app.attendancereport", "pk": 4, "fields": {"student_id": 2, "attendance_id": 2, "status": true, "created_at": "2020-06-26T16:17:21.849Z", "updated_at": "2020-06-26T16:17:21.849Z"}}, {"model": "student_management_app.attendancereport", "pk": 5, "fields": {"student_id": 1, "attendance_id": 3, "status": true, "created_at": "2020-06-26T16:24:18.211Z", "updated_at": "2020-06-26T16:24:18.211Z"}}, {"model": "student_management_app.attendancereport", "pk": 6, "fields": {"student_id": 2, "attendance_id": 3, "status": true, "created_at": "2020-06-26T16:24:18.215Z", "updated_at": "2020-06-26T16:24:18.215Z"}}, {"model": "student_management_app.attendancereport", "pk": 7, "fields": {"student_id": 1, "attendance_id": 4, "status": true, "created_at": "2020-06-26T16:27:08.904Z", "updated_at": "2020-06-26T16:27:08.904Z"}}, {"model": "student_management_app.attendancereport", "pk": 8, "fields": {"student_id": 2, "attendance_id": 4, "status": true, "created_at": "2020-06-26T16:27:08.908Z", "updated_at": "2020-06-26T16:27:08.908Z"}}, {"model": "student_management_app.attendancereport", "pk": 9, "fields": {"student_id": 1, "attendance_id": 5, "status": true, "created_at": "2020-06-26T16:30:06.444Z", "updated_at": "2020-06-26T16:30:06.444Z"}}, {"model": "student_management_app.attendancereport", "pk": 10, "fields": {"student_id": 2, "attendance_id": 5, "status": true, "created_at": "2020-06-26T16:30:06.448Z", "updated_at": "2020-06-26T16:30:06.448Z"}}, {"model": "student_management_app.attendancereport", "pk": 11, "fields": {"student_id": 1, "attendance_id": 6, "status": true, "created_at": "2020-06-26T17:57:00.505Z", "updated_at": "2020-07-05T08:23:12.108Z"}}, {"model": "student_management_app.attendancereport", "pk": 12, "fields": {"student_id": 2, "attendance_id": 6, "status": false, "created_at": "2020-06-26T17:57:00.508Z", "updated_at": "2020-07-05T08:23:12.118Z"}}, {"model": "student_management_app.leavereportstudent", "pk": 1, "fields": {"student_id": 1, "leave_date": "2020-07-10", "leave_message": "For Marriage", "leave_status": 1, "created_at": "2020-07-01T06:01:04.097Z", "updated_at": "2020-07-03T08:01:17.371Z"}}, {"model": "student_management_app.leavereportstudent", "pk": 2, "fields": {"student_id": 3, "leave_date": "2020-07-25", "leave_message": "Sick Leave", "leave_status": 2, "created_at": "2020-07-03T07:38:05.559Z", "updated_at": "2020-07-03T08:10:13.513Z"}}, {"model": "student_management_app.leavereportstudent", "pk": 3, "fields": {"student_id": 3, "leave_date": "2020-07-31", "leave_message": "Marriage Leave for 2 days.", "leave_status": 0, "created_at": "2020-07-03T08:11:18.247Z", "updated_at": "2020-07-03T08:11:18.247Z"}}, {"model": "student_management_app.feedbackstudent", "pk": 1, "fields": {"student_id": 1, "feedback": "Please bring some guest lecturers.", "feedback_reply": "We'll try our best.", "created_at": "2020-07-01T06:04:43.363Z", "updated_at": "2020-07-01T10:29:48.155Z"}}, {"model": "student_management_app.feedbackstudent", "pk": 2, "fields": {"student_id": 3, "feedback": "Test Feedback from New Student", "feedback_reply": "Tested Successfully. Thanks!", "created_at": "2020-07-01T09:01:45.379Z", "updated_at": "2020-07-01T10:30:16.325Z"}}, {"model": "student_management_app.feedbackstudent", "pk": 3, "fields": {"student_id": 1, "feedback": "Online courses should be interactive.\r\nAnd lectures should be recorded and published, so that the students who have missed the live zoom class can take the classes later.", "feedback_reply": "", "created_at": "2020-07-08T10:53:56.474Z", "updated_at": "2020-07-08T10:53:56.475Z"}}, {"model": "student_management_app.studentresult", "pk": 1, "fields": {"student_id": 1, "subject_id": 1, "subject_exam_marks": 60.0, "subject_assignment_marks": 55.0, "created_at": "2020-07-07T05:40:29.583Z", "updated_at": "2020-07-07T14:46:47.159Z"}}, {"model": "student_management_app.studentresult", "pk": 2, "fields": {"student_id": 6, "subject_id": 1, "subject_exam_marks": 68.0, "subject_assignment_marks": 50.0, "created_at": "2020-07-07T05:41:40.091Z", "updated_at": "2020-07-07T05:41:40.091Z"}}, {"model": "student_management_app.studentresult", "pk": 3, "fields": {"student_id": 2, "subject_id": 1, "subject_exam_marks": 60.0, "subject_assignment_marks": 50.0, "created_at": "2020-07-07T05:48:19.201Z", "updated_at": "2020-07-07T05:48:19.201Z"}}]